{"cameraMode":{"drawMode":0,"name":"Shaded","section":"Shading Mode"},"sceneLighting":true,"audioPlay":false,"sceneViewState":{"m_AlwaysRefresh":false,"showFog":true,"showSkybox":true,"showFlares":true,"showImageEffects":true,"showParticleSystems":true,"showVisualEffectGraphs":true,"m_FxEnabled":true},"in2DMode":false,"pivot":{"x":-0.4218825399875641,"y":1.5703619718551636,"z":-0.03648749738931656},"rotation":{"x":-0.1703985184431076,"y":0.03014308772981167,"z":-0.005227027926594019,"w":-0.9849363565444946},"size":1.4180340766906739,"orthographic":false}